<?xml version='1.0' encoding='UTF-8' ?>
<beans xmlns="http://www.springframework.org/schema/beans"
       xmlns:xsi="http://www.w3.org/2001/XMLSchema-instance"
       xmlns:context="http://www.springframework.org/schema/context"
       xmlns:p="http://www.springframework.org/schema/p"
       xmlns:aop="http://www.springframework.org/schema/aop"
       xmlns:mvc="http://www.springframework.org/schema/mvc"
       xmlns:tx="http://www.springframework.org/schema/tx"
       xsi:schemaLocation="http://www.springframework.org/schema/beans http://www.springframework.org/schema/beans/spring-beans-4.0.xsd
       http://www.springframework.org/schema/aop http://www.springframework.org/schema/aop/spring-aop-4.0.xsd
       http://www.springframework.org/schema/context http://www.springframework.org/schema/context/spring-context-4.0.xsd
       http://www.springframework.org/schema/mvc http://www.springframework.org/schema/mvc/spring-mvc-4.0.xsd
       http://www.springframework.org/schema/tx http://www.springframework.org/schema/tx/spring-tx-4.0.xsd">

	<!-- Setup a simple strategy: 
			1. Take all the defaults. 
			2. Return XML by 
		default when not sure. 
		
		Source
			http://spring.io/blog/2013/05/11/content-negotiation-using-spring-mvc -->
<!-- <bean id="contentNegotiationManager"
		class="org.springframework.web.accept.ContentNegotiationManagerFactoryBean">
		<property name="defaultContentType" value="application/json" />
		
	    <property name="favorPathExtension" value="true" />
        <property name="ignoreAcceptHeader" value="false"/>
    	<property name="useJaf" value="false"/>
    	
		<property name="mediaTypes">
			<map>
				<entry key="json" value="application/json" />
				<entry key="xml" value="application/xml" />
			</map>
		</property>
	</bean> 
	
    <mvc:annotation-driven content-negotiation-manager="contentNegotiationManager" />
	
	-->
  
    <!--=============================== Annotation Driven ===============================-->
    <mvc:annotation-driven />
    <context:annotation-config />
    <context:component-scan base-package="com.usps" />

    <!--=============================== Properties ===============================-->
 	<context:property-placeholder location="classpath:errors.properties" ignore-unresolvable="true" />
	<context:property-placeholder location="classpath:ValidationMessages.properties" ignore-unresolvable="true" />

<!-- 	<bean class="org.springframework.web.servlet.mvc.annotation.AnnotationMethodHandlerExceptionResolver" /> -->
</beans>
